"PERFORM","LENGTH","LN-LENGTH"
19.29,256,5.54517744447956
17.09,512,6.23832462503951
15.98,1024,6.93147180559945
15.17,4096,8.31776616671934
14.96,20480,9.92720407915344
14.94,102400,11.5366419915875
