"MONTH","EFF","THICK"
42005,1.5666,0.00024
42036,1.9574,0.00105
42064,1.3707,0.00075
42095,1.9563,7e-04
42125,1.6332,0.00142
42156,1.8172,0.00055
42186,0.9202,0.00039
42278,1.879,0.00095
42309,1.5544,0.00064
42339,2.0198,0.00065
